Word, Count
well, 44
second, 30
tiny, 27
ray, 27
hand, 27
high, 26
momentous, 24
white, 23
wide, 22
toys, 21
twist, 21
far, 21
warn, 21
upbeat, 20
sail, 20
to, 20
rare, 20
laborer, 20
nifty, 20
slimy, 20
influence, 20
expert, 19
quiet, 19
provide, 19
rigid, 19
teeny, 19
wreck, 19
kettle, 19
small, 19
bag, 19
wrathful, 19
discovery, 19
bathe, 19
milky, 19
uppity, 19
passenger, 18
materialistic, 18
post, 18
multiply, 18
slap, 18
carriage, 18
carve, 18
grotesque, 18
invincible, 18
juggle, 18
axiomatic, 18
land, 18
wound, 18
lock, 18
prepare, 17
eyed, 17
cruel, 17
detailed, 17
chicken, 17
invention, 17
adorable, 17
possessive, 17
hard, 17
compete, 17
toes, 17
terrify, 17
cloistered, 17
opposite, 17
swing, 17
raise, 17
agreeable, 17
voiceless, 17
average, 17
fixed, 17
quicksand, 17
descriptive, 17
inquisitive, 17
astonishing, 17
private, 17
roomy, 17
measure, 17
cactus, 17
thin, 17
island, 17
drawer, 17
print, 17
gray, 17
trucks, 17
handsomely, 17
heady, 17
nose, 17
supply, 17
bite, 17
tedious, 17
air, 17
substance, 17
lie, 17
winter, 17
violet, 17
count, 17
cable, 17
popcorn, 17
futuristic, 17
grin, 16
battle, 16
prose, 16
adaptable, 16
bitter, 16
tired, 16
stingy, 16
cagey, 16
scrub, 16
hurry, 16
scare, 16
grandmother, 16
look, 16
shape, 16
sun, 16
school, 16
open, 16
jewel, 16
disgusted, 16
wiry, 16
heap, 16
lamentable, 16
ill, 16
educate, 16
aboriginal, 16
serve, 16
pray, 16
sophisticated, 16
angry, 16
anxious, 16
appear, 16
basin, 16
stare, 16
cats, 16
burst, 16
swift, 16
wind, 16
wild, 16
acrid, 16
redundant, 16
frequent, 16
reflective, 16
groovy, 16
agonizing, 16
stir, 16
superb, 16
selective, 16
choke, 16
spray, 16
skip, 16
delicate, 16
tail, 16
disgusting, 16
dogs, 16
probable, 16
trite, 16
protect, 16
striped, 16
hulking, 16
untidy, 16
shade, 16
smoke, 16
deceive, 16
insidious, 16
memorize, 16
ignorant, 16
crown, 16
toy, 16
apologise, 16
spring, 15
spotless, 15
support, 15
monkey, 15
unsuitable, 15
summer, 15
car, 15
mice, 15
sleep, 15
fat, 15
cave, 15
stem, 15
tent, 15
courageous, 15
achiever, 15
kiss, 15
worry, 15
curl, 15
capricious, 15
deafening, 15
fowl, 15
rhyme, 15
tour, 15
suggestion, 15
polish, 15
tranquil, 15
program, 15
charge, 15
cheerful, 15
distribution, 15
long, 15
unkempt, 15
ethereal, 15
yielding, 15
observant, 15
delight, 15
care, 15
dazzling, 15
rush, 15
moor, 15
vagabond, 15
made, 15
quaint, 15
difficult, 15
public, 15
attract, 15
end, 15
merciful, 15
square, 15
dependent, 15
heartbreaking, 15
scarecrow, 15
account, 15
hospitable, 15
bird, 15
size, 15
scale, 15
glove, 15
relation, 15
scintillating, 15
slave, 15
encourage, 15
friend, 15
obtain, 15
bikes, 15
tart, 15
letter, 15
late, 15
neck, 15
petite, 15
kaput, 15
hate, 15
wipe, 15
natural, 15
whine, 15
mouth, 15
railway, 14
reign, 14
meddle, 14
realize, 14
vigorous, 14
faulty, 14
squeeze, 14
flimsy, 14
bore, 14
idiotic, 14
excuse, 14
rule, 14
bumpy, 14
mountain, 14
flashy, 14
strange, 14
seal, 14
homeless, 14
third, 14
half, 14
historical, 14
thank, 14
tiresome, 14
maniacal, 14
explain, 14
plausible, 14
jolly, 14
insect, 14
observation, 14
unite, 14
mend, 14
satisfying, 14
need, 14
onerous, 14
park, 14
cushion, 14
amusing, 14
mask, 14
list, 14
thread, 14
team, 14
ajar, 14
crabby, 14
aspiring, 14
church, 14
fragile, 14
stain, 14
awful, 14
noisy, 14
title, 14
order, 14
decisive, 14
easy, 14
impartial, 14
wrong, 14
brash, 14
spoil, 14
amused, 14
needless, 14
toothbrush, 14
x, 14
pipe, 14
overrated, 14
synonymous, 14
fuel, 14
whirl, 14
system, 14
glow, 14
example, 14
clean, 14
uncle, 14
rifle, 14
large, 14
doubt, 14
cracker, 14
handle, 14
cheer, 14
substantial, 14
beef, 14
verse, 14
clover, 14
board, 14
loving, 14
true, 14
standing, 14
lean, 14
early, 14
stupendous, 14
damp, 14
spiders, 14
zipper, 14
ripe, 14
alarm, 14
colossal, 14
broken, 14
moan, 14
dance, 14
tested, 14
trace, 14
hurt, 14
plane, 14
odd, 14
tendency, 14
treat, 14
tenuous, 14
cooperative, 14
describe, 14
jail, 14
ball, 14
shelf, 14
savory, 14
unnatural, 14
blot, 14
rabid, 14
fumbling, 14
rest, 14
nutritious, 14
grain, 14
muddle, 14
plain, 14
meal, 14
contain, 14
toothpaste, 14
act, 14
uneven, 14
scattered, 14
chubby, 14
deer, 14
complex, 14
messy, 14
uttermost, 14
delay, 14
rich, 13
gaze, 13
stone, 13
type, 13
expensive, 13
deep, 13
scarce, 13
basket, 13
nosy, 13
cry, 13
wilderness, 13
warlike, 13
guiltless, 13
wrench, 13
person, 13
hideous, 13
energetic, 13
valuable, 13
belong, 13
unlock, 13
wail, 13
fuzzy, 13
happy, 13
blink, 13
present, 13
abject, 13
angle, 13
pumped, 13
lip, 13
help, 13
sister, 13
fierce, 13
disagree, 13
flame, 13
shiny, 13
owe, 13
condemned, 13
mass, 13
testy, 13
pie, 13
frogs, 13
front, 13
room, 13
songs, 13
unsightly, 13
waggish, 13
dashing, 13
view, 13
witty, 13
chase, 13
gate, 13
secret, 13
zany, 13
itchy, 13
ocean, 13
reason, 13
few, 13
encouraging, 13
punishment, 13
shallow, 13
breathe, 13
yellow, 13
near, 13
eyes, 13
prick, 13
stitch, 13
van, 13
string, 13
talk, 13
great, 13
murky, 13
cabbage, 13
coordinated, 13
tray, 13
mute, 13
fine, 13
devilish, 13
womanly, 13
alike, 13
flock, 13
reward, 13
temporary, 13
refuse, 13
known, 13
girl, 13
hammer, 13
uptight, 13
tasteless, 13
ladybug, 13
rice, 13
thundering, 13
safe, 13
tricky, 13
fold, 13
ceaseless, 13
bat, 13
maid, 13
blue, 13
flaky, 13
chemical, 13
wise, 13
flesh, 13
rob, 13
found, 13
morning, 13
acidic, 13
weak, 13
whip, 13
grumpy, 13
shiver, 13
boat, 13
damaged, 13
approval, 13
right, 13
limit, 13
wink, 13
penitent, 13
evasive, 13
statuesque, 13
horn, 13
lucky, 13
pinch, 13
paint, 13
snow, 13
boot, 13
cough, 13
scientific, 13
table, 13
remove, 13
servant, 13
abstracted, 13
sisters, 13
country, 13
panoramic, 13
bomb, 13
window, 13
juicy, 13
deserve, 13
willing, 13
yard, 13
woozy, 13
trains, 13
haircut, 13
allow, 13
switch, 13
dreary, 13
wry, 13
fire, 13
elite, 13
compare, 13
instrument, 13
poised, 13
defective, 13
notice, 13
ring, 13
smoggy, 13
orange, 13
filthy, 13
lumpy, 13
drag, 13
chin, 13
decision, 13
vest, 13
truck, 13
wicked, 13
analyze, 13
glamorous, 13
identify, 13
racial, 13
abrasive, 13
knowledgeable, 13
stew, 13
hot, 13
weight, 13
join, 13
observe, 13
excited, 13
narrow, 13
giraffe, 13
baby, 13
signal, 13
chivalrous, 13
piquant, 13
buzz, 13
government, 12
embarrass, 12
confess, 12
boundless, 12
earsplitting, 12
form, 12
use, 12
grandiose, 12
scribble, 12
crate, 12
zebra, 12
company, 12
lovely, 12
shut, 12
dolls, 12
interest, 12
massive, 12
succeed, 12
dress, 12
floor, 12
paste, 12
visit, 12
murder, 12
waste, 12
film, 12
greasy, 12
hose, 12
greedy, 12
diligent, 12
abounding, 12
nervous, 12
noiseless, 12
living, 12
adjoining, 12
retire, 12
tub, 12
damaging, 12
stream, 12
staking, 12
chunky, 12
yam, 12
beds, 12
outrageous, 12
rural, 12
rotten, 12
milk, 12
basketball, 12
metal, 12
transport, 12
better, 12
credit, 12
doll, 12
annoyed, 12
earth, 12
purring, 12
taste, 12
camera, 12
possess, 12
snake, 12
whisper, 12
cuddly, 12
homely, 12
wrist, 12
letters, 12
office, 12
teaching, 12
magical, 12
first, 12
powerful, 12
cycle, 12
stuff, 12
digestion, 12
innocent, 12
fresh, 12
earthquake, 12
coach, 12
distinct, 12
drop, 12
spot, 12
best, 12
gabby, 12
play, 12
exuberant, 12
feeble, 12
draconian, 12
cluttered, 12
cooing, 12
weary, 12
defeated, 12
learn, 12
pencil, 12
three, 12
price, 12
applaud, 12
ad, 12
hoc, 12
rightful, 12
assorted, 12
town, 12
overjoyed, 12
strip, 12
mixed, 12
wave, 12
girls, 12
sweltering, 12
splendid, 12
tempt, 12
collar, 12
enter, 12
straw, 12
sticky, 12
frightened, 12
obnoxious, 12
round, 12
happen, 12
whimsical, 12
zoom, 12
cast, 12
weigh, 12
volleyball, 12
perpetual, 12
shocking, 12
equal, 12
touch, 12
laughable, 12
calendar, 12
gusty, 12
frightening, 12
bake, 12
aquatic, 12
demonic, 12
soda, 12
airplane, 12
trade, 12
value, 12
screw, 12
cute, 12
trick, 12
clip, 12
plug, 12
mundane, 12
pathetic, 12
dead, 12
foamy, 12
stop, 12
vanish, 12
unhealthy, 12
sock, 12
dizzy, 12
zinc, 12
squash, 12
whistle, 12
faithful, 12
low, 12
admit, 12
ultra, 12
wealth, 12
street, 12
remain, 12
heavenly, 12
skate, 12
separate, 12
hesitant, 12
complete, 12
loaf, 12
acid, 12
industry, 12
silver, 12
pastoral, 12
hurried, 12
queue, 12
classy, 12
likeable, 12
fancy, 12
tire, 12
wiggly, 12
unruly, 12
prickly, 12
desert, 12
kittens, 12
tickle, 12
plough, 12
fluffy, 12
outgoing, 12
incandescent, 12
cemetery, 12
limping, 12
exercise, 12
earthy, 12
hang, 12
share, 12
physical, 12
bury, 12
science, 12
exclusive, 12
internal, 12
knock, 12
unfasten, 12
current, 12
flowery, 12
rapid, 12
scratch, 12
rock, 12
channel, 12
degree, 12
ask, 12
roll, 12
eminent, 12
awesome, 12
iron, 12
handy, 12
guitar, 12
respect, 12
truculent, 12
connect, 12
smell, 12
trot, 12
mate, 12
male, 12
chop, 12
berry, 12
vase, 12
impress, 12
sign, 12
material, 12
efficient, 12
lavish, 12
obedient, 12
cherries, 11
sparkle, 11
elfin, 11
dear, 11
deadpan, 11
grab, 11
vacuous, 11
squeak, 11
vessel, 11
supreme, 11
careful, 11
sordid, 11
illegal, 11
crash, 11
plastic, 11
find, 11
adjustment, 11
tall, 11
move, 11
off, 11
decide, 11
coherent, 11
glib, 11
hum, 11
addition, 11
hilarious, 11
amuse, 11
mother, 11
lame, 11
volatile, 11
delirious, 11
flat, 11
lopsided, 11
pedal, 11
bow, 11
throne, 11
two, 11
misty, 11
week, 11
hair, 11
perform, 11
mammoth, 11
garrulous, 11
concern, 11
trouble, 11
ship, 11
anger, 11
hollow, 11
afternoon, 11
regular, 11
bone, 11
exotic, 11
terrific, 11
rustic, 11
self, 11
yawn, 11
puzzling, 11
accidental, 11
bedroom, 11
sheep, 11
oil, 11
finger, 11
swanky, 11
heal, 11
breezy, 11
excite, 11
flower, 11
baseball, 11
arrogant, 11
decay, 11
travel, 11
trousers, 11
abhorrent, 11
collect, 11
debonair, 11
obeisant, 11
woebegone, 11
leather, 11
unbiased, 11
automatic, 11
furtive, 11
pet, 11
development, 11
unequal, 11
important, 11
discussion, 11
donkey, 11
moon, 11
zoo, 11
arithmetic, 11
thankful, 11
successful, 11
twig, 11
memory, 11
paddle, 11
selfish, 11
hissing, 11
river, 11
deranged, 11
habitual, 11
curly, 11
thinkable, 11
nest, 11
bushes, 11
return, 11
absorbed, 11
war, 11
addicted, 11
effect, 11
snore, 11
division, 11
slow, 11
attack, 11
sad, 11
raspy, 11
release, 11
sore, 11
yoke, 11
subdued, 11
rot, 11
pass, 11
practice, 11
impossible, 11
tramp, 11
birds, 11
left, 11
hug, 11
lush, 11
quill, 11
relax, 11
ossified, 11
increase, 11
sip, 11
ignore, 11
caption, 11
miscreant, 11
position, 11
thing, 11
shaggy, 11
bashful, 11
gaping, 11
tangy, 11
legal, 11
relieved, 11
spill, 11
lyrical, 11
thick, 11
sweater, 11
cut, 11
silent, 11
dinosaurs, 11
texture, 11
brass, 11
escape, 11
giants, 11
woman, 11
veil, 11
guard, 11
old, 11
painstaking, 11
linen, 11
territory, 11
eatable, 11
correct, 11
windy, 11
humdrum, 11
exchange, 11
six, 11
porter, 11
overwrought, 11
library, 11
kneel, 11
sneaky, 11
reduce, 11
cloth, 11
crooked, 11
black, 11
star, 11
building, 11
agreement, 11
playground, 11
launch, 11
tasteful, 11
things, 11
sleet, 11
show, 11
dry, 11
unable, 11
tender, 11
flung, 11
puny, 11
salt, 11
prevent, 11
certain, 11
available, 11
questionable, 11
creator, 11
leg, 11
omniscient, 11
infamous, 11
healthy, 11
reminiscent, 11
wire, 11
top, 11
liquid, 11
acoustic, 11
cannon, 11
divide, 11
hushed, 11
rat, 11
beg, 11
horrible, 11
hope, 11
mom, 11
unpack, 11
cook, 11
continue, 11
shoe, 11
face, 11
pen, 11
funny, 11
gorgeous, 11
spell, 11
flood, 11
cross, 11
smart, 11
painful, 11
sharp, 11
match, 11
event, 11
flag, 11
resonant, 11
troubled, 11
home, 11
promise, 11
object, 11
educated, 11
drum, 11
matter, 11
skin, 11
short, 11
groan, 11
insurance, 11
spiky, 11
secretive, 11
voyage, 11
steel, 11
license, 11
moldy, 11
rude, 11
nimble, 11
pocket, 11
complain, 11
ants, 11
elegant, 11
stove, 11
annoying, 11
animated, 11
frighten, 11
useless, 11
superficial, 11
behavior, 11
macho, 11
month, 11
unit, 11
naive, 11
instruct, 11
son, 11
pin, 11
aberrant, 11
afraid, 11
extra, 11
shake, 11
pig, 11
graceful, 11
somber, 11
cheat, 11
cows, 11
request, 11
rings, 11
optimal, 11
uninterested, 11
curve, 11
full, 11
trail, 11
steadfast, 11
middle, 11
intend, 11
fry, 11
women, 11
abnormal, 11
knowledge, 11
mature, 11
tidy, 11
even, 11
cars, 11
fact, 11
rain, 11
quiver, 11
advertisement, 10
sloppy, 10
mark, 10
ban, 10
hole, 10
smiling, 10
tooth, 10
pack, 10
fit, 10
general, 10
shivering, 10
numberless, 10
noise, 10
crack, 10
saw, 10
ski, 10
tease, 10
powder, 10
march, 10
plantation, 10
swim, 10
error, 10
avoid, 10
loud, 10
periodic, 10
fearful, 10
steep, 10
bustling, 10
delightful, 10
prefer, 10
wait, 10
elastic, 10
false, 10
scorch, 10
auspicious, 10
start, 10
shoes, 10
meat, 10
frog, 10
depressed, 10
risk, 10
detail, 10
various, 10
space, 10
eggs, 10
same, 10
ink, 10
drab, 10
discreet, 10
blind, 10
save, 10
obey, 10
plant, 10
light, 10
bucket, 10
balance, 10
attach, 10
direful, 10
useful, 10
argument, 10
knowing, 10
loose, 10
wing, 10
drunk, 10
majestic, 10
zip, 10
pour, 10
tasty, 10
party, 10
crime, 10
poor, 10
beginner, 10
crowded, 10
like, 10
paper, 10
defiant, 10
stay, 10
bewildered, 10
null, 10
protective, 10
quarrelsome, 10
creature, 10
stormy, 10
rose, 10
include, 10
record, 10
spare, 10
sneeze, 10
precede, 10
robust, 10
pets, 10
bolt, 10
load, 10
responsible, 10
plot, 10
interfere, 10
destroy, 10
decorous, 10
aback, 10
shock, 10
challenge, 10
authority, 10
sugar, 10
suspend, 10
nappy, 10
yarn, 10
cover, 10
therapeutic, 10
year, 10
aftermath, 10
fill, 10
quick, 10
existence, 10
faint, 10
zippy, 10
utopian, 10
flow, 10
vague, 10
celery, 10
pretend, 10
door, 10
shy, 10
zesty, 10
frantic, 10
attraction, 10
watch, 10
spiritual, 10
throat, 10
bait, 10
seat, 10
horses, 10
aboard, 10
ubiquitous, 10
expand, 10
bath, 10
spotty, 10
fallacious, 10
harass, 10
hapless, 10
key, 10
strong, 10
branch, 10
spooky, 10
tongue, 10
camp, 10
grubby, 10
color, 10
lace, 10
brawny, 10
hospital, 10
paltry, 10
quack, 10
deeply, 10
ambitious, 10
pizzas, 10
peaceful, 10
unaccountable, 10
rambunctious, 10
answer, 10
book, 10
towering, 10
ready, 10
men, 10
amusement, 10
skirt, 10
nondescript, 10
brave, 10
dirty, 10
bare, 10
soap, 10
expect, 10
creepy, 10
ice, 10
nut, 10
deserted, 10
sudden, 10
fix, 10
voracious, 10
oafish, 10
improve, 10
claim, 10
frail, 10
calculating, 10
bridge, 10
plants, 10
pop, 10
mountainous, 10
experience, 10
crush, 10
boil, 10
wandering, 10
pail, 10
health, 10
jeans, 10
press, 10
pigs, 10
punish, 10
growth, 10
sparkling, 10
cheese, 10
perfect, 10
knit, 10
neighborly, 10
jittery, 10
cool, 10
acceptable, 10
chance, 10
pink, 10
property, 10
call, 10
macabre, 10
snakes, 10
steady, 10
step, 10
explode, 10
admire, 10
punch, 10
remarkable, 10
inject, 10
wander, 10
abusive, 10
obscene, 10
neat, 10
live, 10
nice, 10
clear, 10
cautious, 10
overflow, 10
burly, 10
hill, 10
airport, 10
stimulating, 10
quizzical, 10
comb, 10
talented, 10
kindhearted, 10
lively, 10
name, 10
hour, 10
unwieldy, 10
interesting, 10
gaudy, 10
reflect, 10
simple, 10
alert, 10
language, 10
kindly, 10
obsolete, 10
brush, 10
notebook, 10
married, 10
entertain, 10
utter, 10
doctor, 10
political, 10
dynamic, 10
books, 10
confuse, 10
beneficial, 10
tip, 10
nebulous, 10
reject, 10
sky, 10
crowd, 10
button, 10
purpose, 10
abaft, 10
longing, 10
imperfect, 10
tough, 10
jaded, 10
impolite, 10
four, 10
wasteful, 10
grass, 10
day, 10
recondite, 10
daily, 10
pitched, 10
motion, 10
barbarous, 10
brown, 10
rhetorical, 10
vast, 10
repulsive, 10
dark, 10
wanting, 10
rhythm, 10
dime, 10
cattle, 10
apparel, 10
glossy, 10
rate, 10
laugh, 10
attempt, 10
melodic, 9
chalk, 9
amuck, 9
cub, 9
offbeat, 9
many, 9
cherry, 9
harsh, 9
ashamed, 9
love, 9
lick, 9
tumble, 9
industrious, 9
mint, 9
interrupt, 9
competition, 9
pear, 9
tow, 9
young, 9
seashore, 9
fasten, 9
silk, 9
bruise, 9
helpless, 9
clumsy, 9
premium, 9
snotty, 9
club, 9
annoy, 9
breakable, 9
tawdry, 9
verdant, 9
spoon, 9
work, 9
rebel, 9
guarded, 9
reproduce, 9
place, 9
zephyr, 9
wash, 9
shirt, 9
trust, 9
smile, 9
disagreeable, 9
blushing, 9
lumber, 9
argue, 9
amount, 9
flight, 9
fanatical, 9
farm, 9
abrupt, 9
foregoing, 9
unwritten, 9
file, 9
telling, 9
dusty, 9
maddening, 9
scatter, 9
oranges, 9
steam, 9
gleaming, 9
arm, 9
toothsome, 9
quilt, 9
comfortable, 9
picayune, 9
follow, 9
side, 9
reach, 9
disappear, 9
close, 9
peck, 9
bleach, 9
abashed, 9
train, 9
wood, 9
jazzy, 9
disastrous, 9
statement, 9
volcano, 9
bee, 9
boast, 9
reply, 9
seed, 9
motionless, 9
ear, 9
pancake, 9
question, 9
imported, 9
edge, 9
skillful, 9
turkey, 9
bent, 9
drown, 9
subtract, 9
business, 9
blood, 9
surprise, 9
level, 9
do, 9
colour, 9
geese, 9
excellent, 9
evanescent, 9
snails, 9
tin, 9
bead, 9
cart, 9
dangerous, 9
workable, 9
lowly, 9
robin, 9
butter, 9
hobbies, 9
foot, 9
normal, 9
keen, 9
coat, 9
treatment, 9
machine, 9
aloof, 9
glistening, 9
riddle, 9
appliance, 9
suffer, 9
lettuce, 9
straight, 9
double, 9
drink, 9
ghost, 9
peace, 9
frame, 9
accept, 9
head, 9
ambiguous, 9
scold, 9
float, 9
festive, 9
birthday, 9
yak, 9
poke, 9
tie, 9
command, 9
salty, 9
fetch, 9
wine, 9
coal, 9
holistic, 9
rejoice, 9
sidewalk, 9
grip, 9
literate, 9
muscle, 9
direction, 9
understood, 9
preach, 9
pretty, 9
brainy, 9
doubtful, 9
gentle, 9
ahead, 9
cultured, 9
able, 9
whispering, 9
settle, 9
field, 9
word, 9
believe, 9
sized, 9
closed, 9
mean, 9
naughty, 9
screeching, 9
babies, 9
tense, 9
parched, 9
different, 9
productive, 9
fork, 9
trashy, 9
education, 9
decorate, 9
consist, 9
control, 9
adamant, 9
silly, 9
bawdy, 9
harm, 9
puffy, 9
kitty, 9
range, 9
grandfather, 9
bulb, 9
subsequent, 9
wet, 9
confused, 9
fantastic, 9
tight, 9
disapprove, 9
godly, 9
nation, 9
remember, 9
mug, 9
friendly, 9
spectacular, 9
meeting, 9
combative, 9
cowardly, 9
lying, 9
spiffy, 9
suck, 9
dock, 9
quickest, 9
fast, 9
hover, 9
breath, 9
snobbish, 9
dirt, 9
fade, 9
box, 9
calculate, 9
dad, 9
wonderful, 9
grease, 9
introduce, 9
spy, 9
receive, 9
shame, 9
blade, 9
sedate, 9
juvenile, 9
rinse, 9
action, 9
story, 9
jagged, 9
mellow, 9
soothe, 9
versed, 9
guide, 9
brake, 9
intelligent, 9
groomed, 9
mine, 9
fence, 9
recess, 9
root, 9
stereotyped, 9
scissors, 9
suspect, 9
offend, 9
absent, 9
tacit, 9
guarantee, 9
daffy, 9
ablaze, 9
desire, 9
kill, 9
joke, 9
burn, 9
theory, 9
bored, 9
discover, 9
goofy, 9
fertile, 9
functional, 9
scream, 9
nippy, 9
stiff, 9
sincere, 9
fearless, 9
ragged, 9
knee, 9
cream, 9
righteous, 9
crawl, 9
bike, 9
curious, 9
cumbersome, 9
joyous, 9
weather, 9
hunt, 9
violent, 9
own, 9
super, 9
magnificent, 9
comparison, 9
occur, 9
examine, 9
measly, 9
spiteful, 9
knot, 9
nail, 9
jumbled, 9
needle, 9
concerned, 9
suit, 9
sour, 9
sprout, 9
imagine, 9
change, 9
umbrella, 9
truthful, 9
torpid, 9
point, 9
roof, 9
vein, 9
plate, 9
deliver, 9
fly, 9
broad, 9
telephone, 9
cheap, 8
announce, 8
ruddy, 8
fairies, 8
phobic, 8
man, 8
cobweb, 8
pleasure, 8
permissible, 8
carpenter, 8
lacking, 8
poison, 8
search, 8
abandoned, 8
visitor, 8
partner, 8
harbor, 8
curved, 8
rabbit, 8
tan, 8
ugliest, 8
dare, 8
jog, 8
store, 8
elbow, 8
didactic, 8
communicate, 8
solid, 8
rake, 8
humor, 8
way, 8
coast, 8
tug, 8
report, 8
alluring, 8
judge, 8
conscious, 8
finicky, 8
lunch, 8
nonchalant, 8
card, 8
wary, 8
chief, 8
manage, 8
fail, 8
cat, 8
peep, 8
please, 8
stocking, 8
suggest, 8
profit, 8
wrap, 8
romantic, 8
hook, 8
regret, 8
pickle, 8
underwear, 8
cap, 8
destruction, 8
squealing, 8
strengthen, 8
ratty, 8
silky, 8
previous, 8
power, 8
next, 8
wax, 8
mysterious, 8
grey, 8
injure, 8
fall, 8
gun, 8
scared, 8
fish, 8
marvelous, 8
simplistic, 8
bells, 8
scary, 8
bless, 8
handsome, 8
fair, 8
hypnotic, 8
obtainable, 8
calm, 8
rub, 8
kind, 8
red, 8
pull, 8
quartz, 8
nerve, 8
belief, 8
bounce, 8
mighty, 8
unused, 8
money, 8
icicle, 8
mitten, 8
smooth, 8
wrestle, 8
cloudy, 8
drain, 8
caring, 8
thirsty, 8
undress, 8
time, 8
inexpensive, 8
accessible, 8
aware, 8
medical, 8
last, 8
grape, 8
guess, 8
shrug, 8
wobble, 8
number, 8
meaty, 8
exist, 8
lake, 8
picture, 8
melt, 8
fool, 8
miss, 8
stupid, 8
lighten, 8
planes, 8
friends, 8
haunt, 8
art, 8
madly, 8
suppose, 8
boorish, 8
repeat, 8
hop, 8
invite, 8
worthless, 8
recognise, 8
husky, 8
mess, 8
up, 8
endurable, 8
luxuriant, 8
amazing, 8
rescue, 8
governor, 8
pause, 8
used, 8
stamp, 8
tank, 8
fabulous, 8
actually, 8
moaning, 8
tomatoes, 8
furry, 8
corn, 8
cup, 8
fascinated, 8
advice, 8
actor, 8
protest, 8
quixotic, 8
quarter, 8
unequaled, 8
boring, 8
term, 8
sound, 8
idea, 8
accurate, 8
slippery, 8
lamp, 8
rail, 8
ducks, 8
thunder, 8
taboo, 8
proud, 8
jealous, 8
absorbing, 8
back, 8
children, 8
secretary, 8
pan, 8
can, 8
bang, 8
advise, 8
one, 8
knife, 8
force, 8
horse, 8
gruesome, 8
clam, 8
religion, 8
good, 8
charming, 8
disturbed, 8
squalid, 8
undesirable, 8
bit, 8
check, 8
ruin, 8
youthful, 8
mix, 8
lewd, 8
design, 8
domineering, 8
invent, 8
ritzy, 8
zealous, 8
satisfy, 8
adhesive, 8
wriggle, 8
irritating, 8
fog, 8
holiday, 8
special, 8
miniature, 8
oval, 8
bottle, 8
innate, 8
modern, 8
cold, 8
sassy, 8
downtown, 8
lonely, 8
peel, 8
thaw, 8
concentrate, 8
shop, 8
dream, 8
jumpy, 8
spicy, 8
bloody, 8
badge, 8
wretched, 8
line, 8
obsequious, 8
roasted, 8
berserk, 8
jump, 8
new, 8
wonder, 8
quirky, 8
whole, 8
mailbox, 8
beam, 8
glorious, 8
glue, 8
ten, 8
fruit, 8
callous, 8
pump, 8
oceanic, 8
selection, 8
turn, 8
trap, 8
radiate, 8
hellish, 8
surround, 8
grate, 8
chess, 8
try, 8
sin, 8
lunchroom, 8
cause, 8
halting, 8
shrill, 8
profuse, 8
venomous, 8
gather, 8
alleged, 8
succinct, 8
colorful, 8
jar, 7
eager, 7
rough, 7
page, 7
free, 7
dapper, 7
arch, 7
hungry, 7
unique, 7
huge, 7
appreciate, 7
parcel, 7
thoughtless, 7
unbecoming, 7
brief, 7
group, 7
spark, 7
organic, 7
extend, 7
marble, 7
abundant, 7
scrawny, 7
dinner, 7
canvas, 7
ruthless, 7
jelly, 7
approve, 7
overconfident, 7
vacation, 7
cake, 7
female, 7
serious, 7
exciting, 7
preserve, 7
road, 7
brick, 7
future, 7
irritate, 7
bell, 7
exultant, 7
clap, 7
wheel, 7
attractive, 7
immense, 7
necessary, 7
juice, 7
possible, 7
sick, 7
pleasant, 7
arrange, 7
wholesale, 7
rabbits, 7
lackadaisical, 7
enjoy, 7
afterthought, 7
egg, 7
vegetable, 7
real, 7
debt, 7
food, 7
magenta, 7
freezing, 7
society, 7
labored, 7
envious, 7
billowy, 7
cynical, 7
busy, 7
scrape, 7
tremendous, 7
purple, 7
ancient, 7
nonstop, 7
dog, 7
crook, 7
bright, 7
jam, 7
imminent, 7
engine, 7
disillusioned, 7
worm, 7
loss, 7
crazy, 7
sofa, 7
vulgar, 7
and, 7
ludicrous, 7
want, 7
giant, 7
bubble, 7
rod, 7
childlike, 7
smash, 7
determined, 7
apparatus, 7
loutish, 7
seemly, 7
chew, 7
befitting, 7
tremble, 7
quince, 7
vengeful, 7
hateful, 7
scarf, 7
tacky, 7
hat, 7
duck, 7
tap, 7
dam, 7
stale, 7
gullible, 7
sort, 7
hallowed, 7
jellyfish, 7
income, 7
squeamish, 7
repair, 7
needy, 7
shaky, 7
bizarre, 7
harmonious, 7
chickens, 7
push, 7
crayon, 7
melted, 7
uncovered, 7
fax, 7
rampant, 7
brother, 7
clever, 7
mushy, 7
tick, 7
malicious, 7
enormous, 7
gold, 7
payment, 7
harmony, 7
sponge, 7
permit, 7
stomach, 7
terrible, 7
plan, 7
adventurous, 7
thought, 7
polite, 7
add, 7
little, 7
structure, 7
aunt, 7
rainy, 7
squeal, 7
giddy, 7
abiding, 7
hall, 7
lazy, 7
soak, 7
disarm, 7
parallel, 7
psychotic, 7
bad, 7
inconclusive, 7
expansion, 7
afford, 7
spotted, 7
house, 7
nutty, 7
minor, 7
sack, 7
wistful, 7
earn, 7
boy, 7
sulky, 7
sand, 7
condition, 7
slope, 7
smelly, 7
copper, 7
rainstorm, 7
psychedelic, 7
pricey, 7
sniff, 7
ticket, 7
makeshift, 7
helpful, 7
parsimonious, 7
damage, 7
tame, 7
song, 7
bouncy, 7
threatening, 7
north, 7
flawless, 7
spade, 7
gamy, 7
entertaining, 7
craven, 7
puzzled, 7
familiar, 7
scene, 7
dramatic, 7
base, 6
meek, 6
military, 6
numerous, 6
changeable, 6
crow, 6
committee, 6
icky, 6
informed, 6
hands, 6
economic, 6
listen, 6
gainful, 6
tiger, 6
obese, 6
border, 6
green, 6
typical, 6
boundary, 6
feigned, 6
trees, 6
stage, 6
inform, 6
panicky, 6
tree, 6
writer, 6
beautiful, 6
glass, 6
mind, 6
unknown, 6
death, 6
arrest, 6
nine, 6
wacky, 6
nasty, 6
waiting, 6
soggy, 6
locket, 6
spurious, 6
hysterical, 6
dysfunctional, 6
slim, 6
itch, 6
wealthy, 6
common, 6
heavy, 6
gigantic, 6
agree, 6
tearful, 6
arrive, 6
phone, 6
fang, 6
shave, 6
ugly, 6
stick, 6
wakeful, 6
toe, 6
soft, 6
detect, 6
pushy, 6
capable, 6
dislike, 6
empty, 6
cellar, 6
eye, 6
boiling, 6
magic, 6
unadvised, 6
yummy, 6
friction, 6
fretful, 6
upset, 6
ordinary, 6
plucky, 6
imaginary, 6
fear, 6
sense, 6
sink, 6
highfalutin, 6
consider, 6
faded, 6
enchanted, 6
offer, 6
equable, 6
erect, 6
animal, 6
thumb, 6
pies, 6
greet, 6
reading, 6
electric, 6
sheet, 6
flap, 6
dull, 6
aromatic, 6
mist, 6
honorable, 6
test, 6
oven, 6
noxious, 6
bed, 6
victorious, 6
icy, 6
snail, 6
clammy, 6
pale, 6
eggnog, 6
part, 6
awake, 6
stranger, 6
hanging, 6
bear, 6
zonked, 6
skinny, 6
gratis, 6
curvy, 6
stroke, 6
flippant, 6
thoughtful, 6
activity, 6
overt, 6
hydrant, 6
potato, 6
heat, 6
borrow, 6
chilly, 6
behave, 6
sable, 6
unusual, 6
placid, 6
worried, 6
daughter, 6
rely, 6
furniture, 6
pot, 6
race, 6
unarmed, 6
sleepy, 6
forgetful, 6
flagrant, 6
learned, 6
elderly, 6
symptomatic, 6
temper, 6
sticks, 6
run, 6
strap, 6
foolish, 6
mere, 6
marked, 6
flavor, 6
pest, 5
nostalgic, 5
ground, 5
coil, 5
nod, 5
humorous, 5
toad, 5
welcome, 5
five, 5
acoustics, 5
desk, 5
jobless, 5
pick, 5
big, 5
drip, 5
enthusiastic, 5
wooden, 5
houses, 5
tightfisted, 5
precious, 5
waves, 5
wish, 5
scent, 5
shelter, 5
walk, 5
wren, 5
produce, 5
past, 5
instinctive, 5
kick, 5
blow, 5
blush, 5
abortive, 5
mindless, 5
outstanding, 5
dust, 5
yell, 5
guttural, 5
watery, 5
cow, 5
pollution, 5
mourn, 5
trip, 5
water, 5
reaction, 5
oatmeal, 5
knotty, 5
incredible, 5
sturdy, 5
puncture, 5
grade, 5
illustrious, 5
marry, 5
eight, 5
market, 5
careless, 5
feeling, 5
delicious, 5
elated, 5
impulse, 5
copy, 5
employ, 5
sweet, 5
night, 5
warm, 5
legs, 5
carry, 5
apathetic, 5
pointless, 5
famous, 5
route, 5
pine, 5
grieving, 5
voice, 5
receipt, 5
history, 5
fireman, 5
queen, 5
scandalous, 5
class, 5
cakes, 5
station, 5
fated, 5
teeth, 4
nauseating, 4
muddled, 4
snatch, 4
enchanting, 4
squirrel, 4
alive, 4
wool, 4
connection, 4
irate, 4
alcoholic, 4
develop, 4
resolute, 4
gifted, 4
fashioned, 4
minute, 4
fluttering, 4
flowers, 4
erratic, 4
receptive, 4
calculator, 4
birth, 4
honey, 4
replace, 4
thrill, 4
cent, 4
note, 4
sea, 4
embarrassed, 4
flash, 4
royal, 4
incompetent, 4
divergent, 4
sigh, 4
circle, 4
driving, 4
languid, 4
dispensable, 4
vivacious, 4
representative, 4
fortunate, 4
grouchy, 4
stretch, 4
bump, 4
curtain, 4
tangible, 4
distance, 3
judicious, 3
belligerent, 3
minister, 3
lethal, 3
label, 3
remind, 3
army, 3
steer, 3
tax, 3
crib, 3
depend, 3
slip, 3
grateful, 3
aggressive, 2
soup, 2
wall, 2
pat, 2
efficacious, 2
cure, 2
attend, 2
absurd, 1
writing, 1
